{
  "threshold": 0.37751033902168274,
  "method": "Youden's J",
  "tpr": 0.8521536670547147,
  "fpr": 0.18631461509854966
}